2/28/18;Nutné výdaje;10375;;Spoření, pojištění atd za mě a Viky;
2/28/18;K+R;490;;;
2/28/18;Mlsání;68;;;
2/28/18;Miminko;900;;Náušnice;
2/25/18;K+R;98;;;
2/24/18;K+R;130;;;
2/23/18;Zdraví,relax,sauna,lymf.;600;;Rehabilitace;
2/23/18;Restaurace;414;;;
2/23/18;Mlsání;68;;;
2/23/18;společná domácnost;181;;Fotoalbum;
2/23/18;společná domácnost;310;;Fotky;
2/23/18;K+R;759;;;
2/23/18;drogerie;58;;;
2/23/18;Mlsání;49;;;
2/23/18;K+R;123;;;
2/23/18;společná domácnost;411;;;
2/23/18;lékárna;145;;;
2/23/18;K+R;160;;;
2/23/18;jidlo;200;;;
2/23/18;Kavárna;117;;;
2/23/18;Mlsání;104;;;
2/23/18;K+R;200;;;
2/23/18;Miminko;258;;;
2/23/18;K+R;482;;;
2/23/18;Miminko;398;;;
2/23/18;Ostatní;278;;Auto potřeby;
2/23/18;Oblečení boty;129;;;
2/21/18;Kavárna;55;;;
2/10/18;Miminko;412;;;
2/10/18;K+R;75;;;
2/10/18;Ostatní;300;;Lešticka zubů;
2/10/18;Oblečení boty;200;;;
2/10/18;K+R;286;;;
2/10/18;Mlsání;57;;;
2/10/18;Miminko;467;;;
2/10/18;K+R;115;;;
2/10/18;K+R;180;;;
2/1/18;společná domácnost;150;;;
2/1/18;dárky k narozeninám;360;;;
2/1/18;K+R;340;;;
2/1/18;Oblečení boty;200;;;
2/1/18;Miminko;210;;;
2/1/18;K+R;2;;;
2/1/18;Miminko;282;;;
2/1/18;Nutné výdaje;500;;ČSK PŘÍSPĚVEK;
1/30/18;Mlsání;68;;;
1/30/18;K+R;166;;;
1/30/18;Mlsání;32;;;
1/30/18;Miminko;119;;;
1/30/18;K+R;207;;;
1/30/18;Kavárna;147;;;
1/30/18;K+R;336;;;
1/30/18;K+R;766;;;
1/30/18;Oblečení boty;180;;;
1/30/18;Mlsání;68;;;
1/30/18;Nutné výdaje;38;;;
1/29/18;Kavárna;50;;;
1/28/18;Kavárna;280;;;
1/28/18;Miminko;35;;;
1/28/18;K+R;336;;;
1/23/18;Oblečení boty;200;;;
1/23/18;Miminko;150;;;
1/23/18;Oblečení boty;1100;;;
1/23/18;Oblečení boty;700;;;
1/23/18;Oblečení boty;746;;;
1/23/18;Oblečení boty;189;;;
1/23/18;Oblečení boty;499;;;
1/23/18;Oblečení boty;174;;;
1/23/18;K+R;197;;;
1/23/18;Kavárna;142;;;
1/23/18;Miminko;189;;;
1/23/18;Miminko;200;;;
1/23/18;společná domácnost;338;;;
1/23/18;Oblečení boty;509;;Vložky do bot;
1/23/18;Oblečení boty;382;;;
1/23/18;Miminko;244;;;
1/23/18;Oblečení boty;1089;;;
1/23/18;lékárna;93;;;
1/23/18;K+R;686;;;
1/18/18;Doprava;90;;;
1/18/18;Mlsání;24;;;
1/18/18;K+R;25;;;
1/16/18;Kavárna;145;;;
1/15/18;Miminko;454;;;
1/15/18;K+R;161;;;
1/15/18;K+R;161;;;
1/15/18;Mlsání;70;;;
1/15/18;Sport;845;;Aply;
1/15/18;K+R;846;;Léky, mléko, indikátorove papírky;
1/15/18;Miminko;149;;;
1/15/18;K+R;15;;;
1/15/18;K+R;210;;;
1/15/18;Ostatní;128;;Box;
1/15/18;K+R;22;;;
1/15/18;K+R;360;;;
1/15/18;jidlo;60;;;
1/15/18;Miminko;129;;Box;
1/15/18;Miminko;704;;Výměna plášťů, duší 2x;
1/15/18;Miminko;198;;Mléko nutrilon;
1/15/18;Kavárna;94;;;
1/10/18;Volný čas-kino,koncert..;150;;;
1/10/18;jidlo;300;;;
1/10/18;Doprava;100;;;
1/10/18;Kavárna;117;;;
1/2/18;drogerie;215;;;
1/2/18;Miminko;160;;;
1/2/18;jidlo;57;;;
1/2/18;Ostatní;53;;;
1/2/18;Volný čas-kino,koncert..;147;;Časopisy;
12/31/17;Nutné výdaje;1000;;Spoření;
12/31/17;Nutné výdaje;5663;;Spoření, zivotko atd;
12/31/17;Mlsání;53;;;
12/31/17;Miminko;325;;;
12/31/17;K+R;22;;;
12/31/17;drogerie;368;;;
12/30/17;Miminko;90;;;
12/30/17;Miminko;750;;;
12/27/17;drogerie;158;;;
12/27/17;lékárna;29;;;
12/27/17;Miminko;90;;;
12/26/17;K+R;25;;;
12/26/17;dárky vánoční;300;;;
12/26/17;Sport;700;;Lyže;
12/26/17;Volný čas-kino,koncert..;119;;;
12/21/17;Kavárna;100;;;
12/21/17;dárky vánoční;2760;;;
12/21/17;Kavárna;90;;;
12/21/17;Zdraví,relax,sauna,lymf.;1050;;Kadeřnice;
12/19/17;jidlo;90;;;
12/19/17;dárky vánoční;1431;;;
12/19/17;dárky vánoční;120;;;
12/19/17;Mlsání;53;;;
12/19/17;dárky vánoční;747;;;
12/18/17;Kavárna;47;;;
12/18/17;dárky k narozeninám;30;;;
12/18/17;Miminko;118;;;
12/18/17;Miminko;498;;;
12/18/17;Oblečení boty;240;;;
12/18/17;K+R;162;;;
12/18/17;K+R;129;;;
12/18/17;dárky vánoční;799;;;
12/18/17;K+R;477;;;
12/18/17;dárky vánoční;278;;;
12/18/17;dárky vánoční;486;;;
12/17/17;Kavárna;60;;;
12/17/17;dárky vánoční;160;;;
12/16/17;jidlo;140;;;
12/16/17;Kavárna;52;;;
12/16/17;Oblečení boty;595;;;
12/14/17;jidlo;69;;;
12/14/17;K+R;115;;;
12/14/17;Oblečení boty;428;;;
12/13/17;K+R;83;;;
12/13/17;jidlo;25;;;
12/13/17;dárky vánoční;390;;;
12/13/17;Kavárna;120;;;
12/12/17;K+R;476;;;
12/11/17;dárky vánoční;399;;;
12/11/17;dárky vánoční;199;;;
12/11/17;Kavárna;47;;;
12/11/17;K+R;300;;;
12/9/17;Doprava;1333;;;
12/8/17;Volný čas-kino,koncert..;40;;;
12/8/17;jidlo;15;;;
12/8/17;jidlo;39;;;
12/7/17;dárky k narozeninám;450;;;
12/7/17;Kavárna;93;;;
12/7/17;společná domácnost;56;;;
12/7/17;dárky vánoční;450;;;
12/7/17;jidlo;119;;;
12/6/17;Mlsání;10;;;
12/6/17;Miminko;137;;;
12/6/17;drogerie;129;;;
12/6/17;drogerie;119;;;
12/6/17;Oblečení boty;330;;;
12/6/17;Miminko;48;;;
12/6/17;Mlsání;32;;;
12/6/17;dárky vánoční;324;;;
12/6/17;Miminko;300;;;
12/6/17;společná domácnost;26;;;
12/6/17;Miminko;120;;;
12/6/17;drogerie;296;;;
12/5/17;drogerie;180;;;
12/5/17;dárky vánoční;560;;;
12/5/17;Kavárna;45;;;
12/5/17;jidlo;50;;;
12/5/17;Miminko;99;;;
12/5/17;Miminko;162;;;
12/4/17;Miminko;151;;Babycalm;
12/4/17;Kavárna;150;;;
12/2/17;Kavárna;52;;;
12/2/17;Volný čas-kino,koncert..;99;;Časopis;
12/2/17;dárky k narozeninám;265;;;
12/2/17;dárky vánoční;271;;;
11/30/17;K+R;430;;;
11/30/17;společná domácnost;170;;;
11/30/17;Oblečení boty;343;;;
11/30/17;K+R;200;;;
11/30/17;Miminko;643;;;
11/30/17;dárky vánoční;39;;;
11/30/17;dárky vánoční;117;;;
11/30/17;K+R;80;;;
11/30/17;dárky vánoční;151;;;
11/30/17;K+R;189;;;
11/30/17;K+R;52;;;
11/30/17;K+R;69;;;
11/30/17;K+R;12;;;
11/30/17;společná domácnost;200;;;
11/30/17;dárky vánoční;200;;;
11/30/17;dárky vánoční;180;;;
11/28/17;Na jedno;220;;;
11/28/17;jidlo;12;;;
11/27/17;Mlsání;10;;;
11/27/17;Miminko;361;;;
11/27/17;K+R;121;;;
11/27/17;Miminko;450;;;
11/27/17;dárky vánoční;900;;;
11/25/17;K+R;170;;;
11/25/17;Miminko;270;;;
11/25/17;Miminko;319;;;
11/25/17;Miminko;44;;;
11/24/17;Restaurace;280;;;
11/23/17;K+R;13;;;
11/23/17;dárky k narozeninám;500;;Teta;
11/23/17;Miminko;89;;;
11/23/17;K+R;842;;Jídlo plus párty;
11/22/17;dárky vánoční;230;;;
11/22/17;jidlo;35;;;
11/22/17;Miminko;262;;;
11/22/17;Kavárna;130;;;
11/21/17;Kavárna;47;;;
11/21/17;K+R;208;;;
11/21/17;dárky k narozeninám;70;;;
11/21/17;jidlo;90;;;
11/20/17;drogerie;60;;;
11/20/17;Miminko;290;;;
11/20/17;Mlsání;55;;;
11/19/17;jidlo;109;;;
11/18/17;K+R;343;;;
11/17/17;Miminko;299;;;
11/17/17;K+R;575;;;
11/17/17;K+R;167;;;
11/16/17;Doprava;77;;;
11/16/17;doktor;1000;;Laser;
11/16/17;K+R;105;;;
11/15/17;Zdraví,relax,sauna,lymf.;199;;Pobyt Poděbrady;
11/15/17;Mlsání;16;;;
11/15/17;K+R;168;;;
11/13/17;K+R;8;;;
11/13/17;Oblečení boty;378;;;
11/11/17;dárky k narozeninám;150;;;
11/10/17;společná domácnost;430;;;
11/10/17;Miminko;330;;;
11/10/17;Kavárna;180;;;
11/10/17;Miminko;39;;;
11/10/17;Miminko;300;;Termoska;
11/10/17;Miminko;770;;Fusak;
11/7/17;drogerie;750;;Gel na pleť;
11/7/17;K+R;40;;;
11/7/17;drogerie;209;;;
11/7/17;Miminko;348;;;
11/7/17;Volný čas-kino,koncert..;1449;;Kryštof kemp;
11/7/17;Oblečení boty;25;;;
11/7/17;K+R;392;;;
11/6/17;Doprava;1339;;;
11/4/17;Volný čas-kino,koncert..;760;;Drak;
11/4/17;dárky k narozeninám;130;;;
11/4/17;K+R;320;;;
11/2/17;Oblečení boty;250;;;
11/2/17;K+R;128;;;
11/2/17;K+R;65;;;
11/2/17;K+R;40;;;
11/2/17;Kavárna;44;;;
11/1/17;Sport;410;;;
11/1/17;dárky vánoční;399;;Simon kufřík;
11/1/17;Doprava;50;;;
10/31/17;společná domácnost;109;;;
10/31/17;Miminko;398;;;
10/31/17;dárky k narozeninám;30;;;
10/31/17;K+R;402;;;
10/31/17;společná domácnost;1069;;Foto potřeby;
10/30/17;Oblečení boty;199;;;
10/30/17;Oblečení boty;70;;;
10/30/17;Miminko;210;;;
10/30/17;K+R;100;;;
10/30/17;K+R;163;;;
10/30/17;K+R;230;;;
10/30/17;lékárna;300;;;
10/29/17;Zdraví,relax,sauna,lymf.;440;;Masáž;
10/29/17;K+R;364;;;
10/27/17;Mlsání;32;;;
10/27/17;K+R;330;;;
10/27/17;drogerie;70;;;
10/27/17;Oblečení boty;59;;;
10/27/17;Kavárna;47;;;
10/27/17;Ostatní;41;;Pošta;
10/27/17;K+R;180;;;
10/24/17;K+R;317;;;
10/24/17;Oblečení boty;78;;;
10/24/17;Miminko;299;;;
10/24/17;K+R;315;;;
10/21/17;jidlo;338;;;
10/20/17;Mlsání;18;;;
10/20/17;Nutné výdaje;5001;;Trvalé platby;
10/20/17;K+R;294;;;
10/20/17;Oblečení boty;1009;;;
10/20/17;společná domácnost;464;;Myš;
10/20/17;jidlo;235;;;
10/18/17;Kavárna;45;;;
10/18/17;K+R;218;;;
10/18/17;společná domácnost;1113;;Spořiče;
10/13/17;K+R;537;;;
10/13/17;drogerie;40;;;
10/13/17;K+R;342;;;
10/13/17;K+R;37;;;
10/13/17;Kavárna;47;;;
10/13/17;K+R;226;;;
10/13/17;Oblečení boty;100;;Rudy nákrčník;
10/13/17;Miminko;399;;;
10/13/17;jidlo;29;;;
10/13/17;Doprava;75;;;
10/13/17;drogerie;158;;;
10/12/17;Doprava;8200;;Pneumatiky;
10/11/17;K+R;271;;;
10/11/17;společná domácnost;14;;;
10/11/17;K+R;115;;;
10/11/17;drogerie;895;;;
10/11/17;K+R;241;;;
10/11/17;Miminko;600;;;
10/11/17;Miminko;89;;;
10/8/17;K+R;148;;;
10/8/17;K+R;173;;;
10/7/17;K+R;395;;;
10/7/17;K+R;435;;;
10/7/17;Doprava;550;;;
10/5/17;K+R;93;;;
10/5/17;K+R;113;;;
10/5/17;Miminko;84;;;
10/5/17;drogerie;328;;;
10/5/17;K+R;223;;;
10/5/17;K+R;475;;;
10/5/17;společná domácnost;156;;;
10/5/17;Miminko;47;;;
10/5/17;Oblečení boty;2275;;;
10/5/17;dárky k narozeninám;300;;;
10/4/17;K+R;59;;;
10/4/17;Miminko;104;;;
10/4/17;Doprava;50;;;
10/4/17;jidlo;200;;;
10/4/17;K+R;143;;;
10/4/17;drogerie;80;;;
10/3/17;lékárna;274;;;
10/3/17;Doprava;50;;;
10/3/17;Miminko;140;;Láhve;
10/3/17;Zvaní na pokrm,pití;105;;;
9/29/17;K+R;140;;;
9/29/17;Miminko;48;;;
9/29/17;Mlsání;55;;;
9/25/17;drogerie;120;;;
9/25/17;Miminko;135;;;
9/25/17;Miminko;28;;;
9/25/17;společná domácnost;60;;;
9/25/17;Miminko;337;;;
9/25/17;K+R;160;;;
9/25/17;K+R;106;;Káva;
9/23/17;K+R;69;;;
9/23/17;K+R;386;;;
9/22/17;doktor;127;;;
9/21/17;Miminko;3054;;;
9/21/17;Miminko;657;;;
9/21/17;K+R;67;;;
9/21/17;K+R;297;;;
9/20/17;Mlsání;14;;;
9/20/17;K+R;158;;;
9/20/17;K+R;355;;;
9/20/17;K+R;107;;;
9/18/17;jidlo;272;;;
9/13/17;K+R;111;;;
9/13/17;Ostatní;549;;Knihy;
9/12/17;Miminko;499;;Probiotika;
9/10/17;K+R;497;;;
9/10/17;drogerie;400;;;
9/10/17;Miminko;139;;;
9/8/17;Miminko;284;;Látky;
9/8/17;Miminko;509;;;
9/6/17;Miminko;170;;;
9/4/17;Miminko;96;;;
9/3/17;Miminko;407;;;
8/29/17;K+R;369;;;
8/29/17;jidlo;150;;;
8/29/17;K+R;52;;;
8/29/17;dárky k narozeninám;150;;;
8/29/17;Sport;150;;Posilovací guma;
8/28/17;Kavárna;47;;;
8/28/17;K+R;38;;;
8/28/17;jidlo;22;;;
8/28/17;jidlo;105;;;
8/27/17;K+R;130;;;
8/26/17;K+R;73;;;
8/26/17;Kavárna;83;;;
8/26/17;Oblečení boty;795;;;
8/26/17;Na jedno;768;;Purkyňova;
8/24/17;K+R;32;;;
8/24/17;jidlo;150;;;
8/24/17;K+R;25;;;
8/24/17;Kavárna;120;;;
8/24/17;Volný čas-kino,koncert..;1794;;Kompendium stomatologie;
8/24/17;Volný čas-kino,koncert..;200;;Knihovna;
8/24/17;Kavárna;50;;;
8/23/17;Zdraví,relax,sauna,lymf.;400;;Stříhání;
8/23/17;K+R;260;;;
8/22/17;Zdraví,relax,sauna,lymf.;250;;Masáž;
8/22/17;K+R;139;;;
8/21/17;K+R;140;;;
8/21/17;drogerie;150;;;
8/21/17;jidlo;150;;;
8/21/17;Na jedno;70;;;
8/21/17;K+R;46;;;
8/21/17;dárky k narozeninám;61;;;
8/21/17;Kavárna;50;;;
8/21/17;K+R;180;;;
8/18/17;K+R;29;;;
8/17/17;K+R;68;;;
8/17/17;Miminko;100;;;
8/17/17;Kavárna;50;;;
8/17/17;Volný čas-kino,koncert..;89;;Časopisy;
8/17/17;K+R;180;;;
8/17/17;jidlo;147;;;
8/17/17;Sport;500;;Permanentka bluegym;
8/15/17;společná domácnost;270;;Nabíjecí baterie;
8/15/17;K+R;760;;;
8/15/17;Miminko;12;;Sádra;
8/15/17;Miminko;574;;Oleje;
8/15/17;Mlsání;27;;;
8/15/17;Kavárna;60;;;
8/15/17;K+R;48;;;
8/13/17;Mlsání;73;;;
8/13/17;Oblečení boty;400;;;
8/13/17;K+R;200;;;
8/11/17;jidlo;105;;;
8/11/17;Miminko;1490;;Předporodní kurz;
8/11/17;jidlo;130;;;
8/11/17;K+R;206;;;
8/10/17;Ostatní;45;;Záplata;
8/10/17;K+R;190;;;
8/10/17;K+R;70;;;
8/10/17;Nutné výdaje;25;;;
8/10/17;Na jedno;80;;;
8/10/17;Oblečení boty;200;;;
8/8/17;K+R;68;;;
8/8/17;Na jedno;20;;;
8/8/17;Na jedno;70;;;
8/8/17;jidlo;25;;;
8/7/17;K+R;94;;;
8/7/17;Miminko;500;;Kniha;
8/7/17;jidlo;80;;;
8/7/17;jidlo;100;;;
8/7/17;Nutné výdaje;600;;Pas;
8/7/17;Miminko;210;;Otiskovačka;
8/6/17;Miminko;100;;;
8/6/17;Doprava;932;;;
8/4/17;K+R;20;;;
8/4/17;dárky k narozeninám;262;;;
8/4/17;Ostatní;34;;;
8/4/17;jidlo;59;;;
8/4/17;Oblečení boty;150;;;
8/4/17;Nutné výdaje;10;;;
8/4/17;jidlo;36;;;
8/4/17;Kavárna;50;;;
8/4/17;Doprava;166;;;
8/3/17;jidlo;14;;;
8/3/17;Sport;100;;;
8/3/17;jidlo;25;;;
8/1/17;Kavárna;50;;;
8/1/17;Volný čas-kino,koncert..;40;;;
7/31/17;K+R;726;;;
7/31/17;K+R;145;;;
7/31/17;drogerie;100;;;
7/31/17;drogerie;280;;;
7/31/17;lékárna;149;;;
7/31/17;drogerie;253;;;
7/31/17;K+R;270;;;
7/28/17;Kavárna;50;;;
7/28/17;K+R;116;;;
7/28/17;jidlo;123;;;
7/28/17;Doprava;1128;;Benzín;
7/27/17;Na jedno;70;;;
7/26/17;K+R;102;;;
7/26/17;Kavárna;47;;;
7/26/17;Miminko;477;;Vana,prebalovak +povlak;
7/26/17;K+R;132;;;
7/26/17;Miminko;112;;Oblečky, gel;
7/26/17;Doprava;189;;USB do auta;
7/26/17;společná domácnost;1199;;Šlehač/mixér;
7/26/17;Oblečení boty;500;;Podprsenky;
7/26/17;Oblečení boty;245;;Kalhotky;
7/26/17;Miminko;275;;Rukavice, ponožky, čepice;
7/26/17;Kavárna;102;;;
7/25/17;K+R;152;;;
7/25/17;Kavárna;69;;;
7/25/17;K+R;160;;;
7/25/17;společná domácnost;30;;;
7/25/17;Miminko;210;;Bryndák, podložka,kruh..;
7/25/17;Miminko;143;;Odsavač hlenů;
7/25/17;K+R;55;;;
7/25/17;K+R;50;;;
7/25/17;K+R;36;;;
7/25/17;K+R;164;;;
7/22/17;společná domácnost;14020;;Matrace, rošty;
7/22/17;společná domácnost;2819;;Skříň, krabice;
7/22/17;K+R;68;;;
7/20/17;Doprava;40;;Utěrky do auta;
7/20/17;K+R;203;;;
7/20/17;Miminko;300;;Teploměr;
7/20/17;Miminko;130;;Obleček;
7/20/17;K+R;530;;;
7/20/17;drogerie;517;;;
7/20/17;Doprava;30;;voda do ostřikovače;
7/20/17;společná domácnost;190;;Hasici přístroj;
7/19/17;K+R;24;;;
7/19/17;jidlo;25;;;
7/19/17;společná domácnost;645;;Záclony, žínky;
7/19/17;Kavárna;65;;;
7/17/17;Ostatní;149;;Ručník;
7/17/17;Sport;200;;Brašna;
7/17/17;společná domácnost;1250;;Taška, matrace nafukovací;
7/17/17;K+R;298;;;
7/17/17;Mlsání;53;;;
7/17/17;K+R;162;;;
7/14/17;Kavárna;110;;;
7/14/17;jidlo;122;;;
7/14/17;společná domácnost;255;;Moka konvice;
7/14/17;drogerie;80;;;
7/13/17;Mlsání;35;;;
7/13/17;Nutné výdaje;5001;;Trvalé platby;
7/13/17;K+R;113;;;
7/13/17;K+R;288;;;
7/12/17;společná domácnost;590;;Barvy na sklo;
7/12/17;Mlsání;14;;;
7/12/17;Mlsání;35;;;
7/12/17;Na jedno;27;;;
7/12/17;lékárna;84;;;
7/12/17;jidlo;35;;;
7/12/17;Zvaní na pokrm,pití;80;;;
7/12/17;Kavárna;100;;;
7/10/17;K+R;430;;;
7/10/17;Miminko;316;;;
7/10/17;drogerie;302;;;
7/10/17;Nutné výdaje;50;;Řidičák;
7/10/17;Doprava;20;;;
7/10/17;jidlo;140;;;
7/9/17;drogerie;40;;;
7/9/17;K+R;241;;;
7/9/17;jidlo;109;;;
7/9/17;K+R;109;;;
7/7/17;Miminko;367;;Pomůcky do porodnice;
7/7/17;Miminko;190;;Pleny;
7/7/17;K+R;318;;;
7/7/17;drogerie;339;;;
7/7/17;dovolená;3208;;Výběr hotovosti;
7/7/17;dovolená;5365;;Výběr hotovosti;
7/7/17;Oblečení boty;748;;Primark;
7/7/17;K+R;482;;;
7/2/17;dovolená;73;;;
7/2/17;dovolená;10;;;
7/1/17;dovolená;67;;Jídlo;
7/1/17;dovolená;722;;Ubytování Krumlov;
7/1/17;Kavárna;237;;;
6/30/17;obědy;405;;;
6/29/17;jidlo;25;;;
6/29/17;Na jedno;80;;;
6/29/17;Kavárna;110;;;
6/28/17;Mlsání;39;;;
6/28/17;Kavárna;75;;;
6/28/17;K+R;77;;;
6/28/17;dárky k narozeninám;625;;;
6/28/17;K+R;200;;;
6/28/17;Kavárna;75;;;
6/28/17;drogerie;399;;;
6/27/17;Volný čas-kino,koncert..;360;;Kino;
6/27/17;Na jedno;380;;;
6/27/17;Ostatní;719;;Kniha;
6/27/17;jidlo;41;;;
6/23/17;Kavárna;200;;;
6/23/17;Oblečení boty;155;;;
6/22/17;Kavárna;50;;;
6/22/17;jidlo;154;;;
6/21/17;Na jedno;100;;;
6/21/17;Kavárna;60;;;
6/21/17;jidlo;53;;;
6/21/17;Sport;600;;;
6/19/17;K+R;130;;;
6/19/17;Oblečení boty;149;;;
6/19/17;společná domácnost;49;;;
6/19/17;společná domácnost;149;;;
6/17/17;Na jedno;200;;;
6/17/17;Na jedno;300;;;
6/15/17;K+R;330;;;
6/15/17;jidlo;160;;;
6/15/17;jidlo;68;;;
6/15/17;jidlo;11;;;
6/15/17;Kavárna;104;;;
6/15/17;Kavárna;59;;;
6/14/17;jidlo;27;;;
6/14/17;dárky k narozeninám;420;;;
6/13/17;Zdraví,relax,sauna,lymf.;100;;;
6/13/17;jidlo;73;;;
6/13/17;Ostatní;108;;;
6/13/17;Kavárna;59;;;
6/11/17;dovolená;100;;;
6/11/17;dovolená;120;;;
6/11/17;dovolená;430;;Oběd Krkonoše;
6/8/17;drogerie;576;;;
6/8/17;Kavárna;40;;;
6/8/17;Ostatní;15;;;
6/8/17;Mlsání;18;;;
6/7/17;lékárna;10;;;
6/7/17;Kavárna;47;;;
6/7/17;jidlo;70;;;
6/6/17;Kavárna;59;;;
6/5/17;Mlsání;51;;;
6/4/17;K+R;504;;;
6/4/17;K+R;177;;Jahody;
6/4/17;Volný čas-kino,koncert..;430;;Znojmo jídlo;
6/2/17;K+R;104;;;
6/2/17;Volný čas-kino,koncert..;1000;;Ubytování Znojmo;
6/1/17;Kavárna;50;;;
6/1/17;Volný čas-kino,koncert..;40;;;
6/1/17;Mlsání;40;;;
6/1/17;Oblečení boty;318;;;
6/1/17;Oblečení boty;279;;;
5/31/17;drogerie;87;;;
5/31/17;Na jedno;36;;;
5/31/17;jidlo;75;;;
5/31/17;Nutné výdaje;149;;Fotky na řidičák;
5/29/17;drogerie;237;;;
5/29/17;Nutné výdaje;447;;Popelnice;
5/29/17;Kavárna;56;;;
5/29/17;Nutné výdaje;139;;Doklady fotky na řidičák;
5/29/17;Nutné výdaje;50;;Doklady trvalé bydliště;
5/29/17;K+R;102;;;
5/28/17;Na jedno;50;;;
5/28/17;K+R;307;;;
5/28/17;drogerie;100;;;
5/28/17;společná domácnost;999;;Žehlička;
5/28/17;K+R;450;;;
5/26/17;jidlo;25;;;
5/26/17;Kavárna;90;;;
5/26/17;Oblečení boty;330;;;
5/22/17;Ostatní;1800;;Svatba kadeřnictví, kosmetika;
5/21/17;Ostatní;8032;;Nájem cernotin;
5/19/17;Doprava;20;;Parkování;
5/19/17;Zvaní na pokrm,pití;540;;Archa;
5/19/17;Ostatní;638;;Svatba nehty, nákup;
5/18/17;Ostatní;40;;Svatba stuhy;
5/18/17;jidlo;29;;;
5/18/17;drogerie;230;;;
5/18/17;Oblečení boty;270;;;
5/16/17;Ostatní;4220;;Svatba šaty;
5/16/17;Mlsání;45;;;
5/16/17;Ostatní;250;;Svatba kafe;
5/16/17;Kavárna;59;;;
5/15/17;Mlsání;10;;;
5/15/17;K+R;293;;;
5/15/17;drogerie;705;;;
5/15/17;Kavárna;42;;;
5/15/17;lékárna;123;;;
5/15/17;Nutné výdaje;39;;Svatba stuhy;
5/15/17;Kavárna;55;;;
5/15/17;Kavárna;26;;;
5/13/17;společná domácnost;1274;;;
5/13/17;jidlo;230;;;
5/13/17;K+R;97;;;
5/13/17;drogerie;170;;;
5/13/17;Na jedno;30;;;
5/13/17;Zdraví,relax,sauna,lymf.;1020;;Melír;
5/11/17;K+R;103;;;
5/11/17;jidlo;45;;;
5/11/17;dárky k narozeninám;92;;;
5/11/17;K+R;46;;;
5/11/17;Kavárna;120;;;
5/10/17;Oblečení boty;780;;Svatební šaty;
5/10/17;Mlsání;42;;;
5/9/17;jidlo;24;;;
5/9/17;Mlsání;36;;;
5/9/17;K+R;210;;;
5/8/17;Doprava;800;;Značky;
5/8/17;K+R;49;;;
5/7/17;Oblečení boty;499;;;
5/7/17;K+R;590;;;
5/7/17;Zvaní na pokrm,pití;60;;;
5/7/17;Zvaní na pokrm,pití;52;;Párky kluci;
5/5/17;Nutné výdaje;30;;;
5/5/17;K+R;171;;;
5/5/17;K+R;315;;;
5/4/17;K+R;83;;;
5/2/17;jidlo;49;;;
5/2/17;Oblečení boty;381;;;
5/2/17;Kavárna;59;;;
4/30/17;Na jedno;400;;;
4/30/17;K+R;153;;;
4/30/17;K+R;597;;;
4/30/17;K+R;178;;;
4/28/17;Nutné výdaje;350;;;
4/28/17;Na jedno;250;;;
4/27/17;jidlo;17;;;
4/27/17;Kavárna;36;;;
4/27/17;Kavárna;49;;;
4/27/17;Oblečení boty;2001;;;
4/26/17;Ostatní;433;;Stuhy;
4/26/17;K+R;69;;;
4/26/17;drogerie;320;;;
4/25/17;společná domácnost;172688;;Auto;
4/25/17;K+R;312;;;
4/25/17;Ostatní;71;;Svatba ubrousky;
4/25/17;Nutné výdaje;379;;Půjčka;
4/24/17;drogerie;562;;;
4/24/17;Mlsání;10;;;
4/24/17;K+R;296;;;
4/23/17;Ostatní;827;;Svatba nákup pití;
4/23/17;Doprava;125;;;
4/23/17;Oblečení boty;322;;;
4/22/17;jidlo;20;;;
4/22/17;Restaurace;320;;;
4/22/17;Ostatní;300;;Svatba účes;
4/21/17;Oblečení boty;139;;;
4/21/17;Oblečení boty;399;;;
4/21/17;Oblečení boty;339;;Šperk;
4/21/17;Doprava;50;;;
4/21/17;Doprava;4750;;Salinkarta;
4/20/17;jidlo;14;;;
4/20/17;jidlo;99;;;
4/19/17;jidlo;18;;;
4/19/17;Kavárna;47;;;
4/18/17;Oblečení boty;100;;;
4/18/17;K+R;719;;;
4/18/17;Kavárna;59;;;
4/15/17;K+R;94;;;
4/15/17;Ostatní;1000;;Svatba vysluzky;
4/15/17;K+R;30;;;
4/14/17;Kavárna;42;;;
4/14/17;Volný čas-kino,koncert..;96;;D test;
4/14/17;K+R;131;;;
4/13/17;obědy;30;;;
4/13/17;Oblečení boty;200;;;
4/13/17;Mlsání;47;;;
4/12/17;dárky k narozeninám;300;;;
4/12/17;lékárna;74;;;
4/11/17;K+R;121;;;
4/11/17;Zdraví,relax,sauna,lymf.;400;;Stříhání;
4/11/17;jidlo;14;;;
4/11/17;Nutné výdaje;64;;;
4/11/17;Ostatní;5256;;Svatební prsteny;
4/11/17;jidlo;34;;;
4/11/17;Nutné výdaje;5;;;
4/11/17;Kavárna;40;;;
4/10/17;K+R;263;;;
4/10/17;K+R;60;;;
4/10/17;Na jedno;121;;;
4/10/17;Mlsání;36;;;
4/9/17;K+R;28;;;
4/9/17;Na jedno;70;;;
4/8/17;Oblečení boty;1447;;;
4/8/17;Kavárna;490;;;
4/6/17;Oblečení boty;99;;;
4/6/17;dárky k narozeninám;150;;;
4/6/17;jidlo;23;;;
4/5/17;doktor;70;;;
4/5/17;drogerie;180;;;
4/5/17;drogerie;24;;;
4/5/17;K+R;178;;;
4/5/17;Kavárna;100;;;
4/3/17;K+R;193;;;
4/3/17;Mlsání;30;;;
4/3/17;drogerie;40;;;
4/2/17;K+R;250;;;
4/2/17;K+R;593;;;
4/2/17;Oblečení boty;260;;;
4/2/17;Mlsání;64;;;
4/1/17;K+R;80;;;
4/1/17;Mlsání;45;;;
3/31/17;K+R;29;;;
3/27/17;Mlsání;45;;;
3/27/17;Doprava;1107;;;
3/24/17;K+R;205;;;
3/23/17;Nutné výdaje;30;;;
3/23/17;Kavárna;170;;;
3/22/17;K+R;50;;;
3/22/17;K+R;97;;;
3/22/17;Ostatní;23;;;
3/22/17;Kavárna;88;;;
3/20/17;jidlo;6;;;
3/20/17;Doprava;100;;;
3/18/17;Doprava;109;;;
3/18/17;dárky k narozeninám;1085;;;
3/17/17;K+R;36;;;
3/17/17;Kavárna;47;;;
3/16/17;jidlo;25;;;
3/16/17;Nutné výdaje;8;;;
3/16/17;jidlo;36;;;
3/16/17;Kavárna;115;;;
3/16/17;K+R;120;;;
3/15/17;K+R;320;;;
3/14/17;Oblečení boty;2900;;;
3/14/17;Mlsání;39;;;
3/13/17;Oblečení boty;4000;;Svatba šaty;
3/13/17;K+R;84;;;
3/13/17;K+R;47;;;
3/13/17;Kavárna;83;;;
3/13/17;K+R;275;;;
3/12/17;K+R;200;;;
3/10/17;K+R;180;;;
3/9/17;Ostatní;74;;;
3/9/17;K+R;263;;;
3/9/17;jidlo;20;;;
3/9/17;jidlo;155;;;
3/9/17;Ostatní;40;;;
3/8/17;Nutné výdaje;10;;;
3/8/17;jidlo;26;;;
3/8/17;jidlo;230;;;
3/8/17;Na jedno;180;;;
3/7/17;Nutné výdaje;5;;;
3/7/17;Mlsání;10;;;
3/7/17;Nutné výdaje;89;;;
3/7/17;dárky k narozeninám;319;;;
3/6/17;Zvaní na pokrm,pití;55;;;
3/6/17;Zvaní na pokrm,pití;70;;;
3/4/17;společná domácnost;2227;;Skříně, koberce;
3/4/17;K+R;83;;;
3/4/17;Mlsání;99;;;
3/4/17;Volný čas-kino,koncert..;225;;;
3/2/17;K+R;122;;;
3/2/17;Oblečení boty;100;;;
3/2/17;jidlo;30;;;
3/2/17;Oblečení boty;270;;;
3/2/17;Mlsání;65;;;
3/2/17;K+R;55;;;
2/28/17;Kavárna;190;;;
2/28/17;jidlo;91;;;
2/28/17;K+R;96;;;
2/26/17;Restaurace;330;;;
2/26/17;Sport;300;;;
2/24/17;Kavárna;55;;;
2/24/17;jidlo;75;;;
2/22/17;Kavárna;50;;;
2/22/17;lékárna;10;;;
2/22/17;jidlo;27;;;
2/22/17;drogerie;200;;;
2/20/17;K+R;226;;;
2/20/17;jidlo;15;;;
2/20/17;jidlo;17;;;
2/20/17;Volný čas-kino,koncert..;225;;;
2/20/17;jidlo;60;;;
2/20/17;Sport;120;;;
2/16/17;jidlo;16;;;
2/16/17;jidlo;79;;;
2/16/17;drogerie;399;;;
2/15/17;jidlo;110;;;
2/14/17;jidlo;85;;;
2/14/17;Mlsání;22;;;
2/14/17;Kavárna;62;;;
2/14/17;doktor;1450;;;
2/12/17;K+R;310;;;
2/11/17;Na jedno;180;;;
2/11/17;K+R;250;;;
2/11/17;K+R;144;;;
2/10/17;jidlo;180;;;
2/10/17;Kavárna;39;;;
2/10/17;K+R;185;;;
2/9/17;Zvaní na pokrm,pití;135;;;
2/7/17;K+R;41;;;
2/7/17;jidlo;22;;;
2/7/17;jidlo;42;;;
2/4/17;K+R;149;;;
2/4/17;K+R;97;;;
2/4/17;jidlo;126;;;
2/3/17;Mlsání;50;;;
2/2/17;obědy;20;;;
2/2/17;Zvaní na pokrm,pití;80;;;
2/2/17;Zvaní na pokrm,pití;55;;;
2/2/17;K+R;233;;;
1/31/17;K+R;104;;;
1/30/17;K+R;64;;;
1/29/17;Oblečení boty;400;;;
1/29/17;Sport;100;;;
1/29/17;Kavárna;150;;;
1/29/17;Doprava;250;;;
1/27/17;doktor;50;;;
1/27/17;Sport;2000;;;
1/27/17;jidlo;17;;;
1/27/17;jidlo;43;;;
1/27/17;obědy;215;;;
1/26/17;Kavárna;98;;;
1/26/17;K+R;114;;;
1/25/17;K+R;169;;;
1/25/17;Na jedno;114;;;
1/25/17;K+R;45;;;
1/25/17;jidlo;19;;;
1/25/17;Na jedno;25;;;
1/25/17;Kavárna;88;;;
1/22/17;Na jedno;200;;;
1/20/17;Mlsání;14;;;
1/20/17;K+R;204;;;
1/19/17;Zvaní na pokrm,pití;188;;;
1/19/17;drogerie;334;;;
1/19/17;K+R;84;;;
1/19/17;jidlo;11;;;
1/19/17;Doprava;1370;;Salinkarta;
1/17/17;Volný čas-kino,koncert..;3000;;Taneční;
1/17/17;K+R;20;;;
1/17/17;jidlo;55;;;
1/17/17;jidlo;7;;;
1/17/17;společná domácnost;130;;;
1/17/17;K+R;214;;;
1/16/17;K+R;53;;;
1/13/17;K+R;65;;;
1/13/17;jidlo;25;;;
1/13/17;jidlo;32;;;
1/12/17;Kavárna;180;;;
1/12/17;jidlo;40;;;
1/12/17;jidlo;81;;;
1/12/17;doktor;50;;;
1/12/17;Volný čas-kino,koncert..;50;;;
1/9/17;K+R;36;;;
1/9/17;Kavárna;74;;;
1/9/17;Oblečení boty;600;;;
1/9/17;Volný čas-kino,koncert..;500;;Ples 2 lístky;
1/8/17;Kavárna;97;;;
1/8/17;společná domácnost;41;;;
1/8/17;Zvaní na pokrm,pití;150;;;
1/8/17;jidlo;30;;;
1/8/17;Kavárna;30;;;
1/8/17;Kavárna;130;;;
1/8/17;K+R;170;;;
1/8/17;společná domácnost;120;;;
1/8/17;K+R;448;;;
1/4/17;K+R;84;;;
1/3/17;K+R;106;;;
1/3/17;Zvaní na pokrm,pití;134;;;
1/2/17;dárky k narozeninám;140;;;
1/2/17;jidlo;112;;;
1/2/17;jidlo;38;;;
12/31/16;K+R;225;;;
12/30/16;lékárna;78;;;
12/30/16;K+R;71;;;
12/30/16;Sport;300;;Broušení lyží;
12/30/16;Sport;200;;Skipasy 2x;
12/30/16;společná domácnost;178;;;
12/30/16;jidlo;150;;;
12/24/16;dárky k narozeninám;1000;;;
12/24/16;dárky vánoční;3400;;;
12/24/16;dárky vánoční;2000;;;
12/24/16;jidlo;160;;;
12/23/16;jidlo;15;;;
12/22/16;jidlo;99;;;
12/21/16;jidlo;45;;;
12/21/16;Na jedno;90;;;
12/21/16;K+R;115;;;
12/21/16;dárky vánoční;299;;;
12/21/16;dárky vánoční;260;;;
12/20/16;lékárna;193;;Fe,kyselina listová;
12/20/16;jidlo;43;;;
12/19/16;K+R;193;;;
12/19/16;drogerie;855;;Bělení;
12/19/16;jidlo;37;;;
12/18/16;Zdraví,relax,sauna,lymf.;235;;;
12/18/16;jidlo;39;;;
12/18/16;dárky vánoční;677;;;
12/18/16;dárky vánoční;379;;;
12/18/16;K+R;45;;;
12/18/16;K+R;46;;;
12/18/16;K+R;12;;;
12/18/16;Sport;300;;Karimatka;
12/18/16;dárky vánoční;300;;;
12/17/16;Ostatní;20;;;
12/17/16;Ostatní;15;;;
12/17/16;Ostatní;555;;Stromek;
12/17/16;Ostatní;20;;;
12/17/16;Ostatní;20;;;
12/17/16;Ostatní;10;;Dáno rudymu;
12/17/16;Ostatní;30;;;
12/16/16;Ostatní;14;;;
12/16/16;Ostatní;3;;;
12/16/16;Ostatní;26;;;
12/16/16;Ostatní;11;;;
12/16/16;Ostatní;15;;;
12/16/16;K+R;40;;;
12/16/16;dovolená;2000;;Polsko;
12/16/16;K+R;44;;;
12/15/16;K+R;743;;Semínka, oříšky;
12/15/16;K+R;449;;;
12/15/16;Zvaní na pokrm,pití;300;;;
12/15/16;Nutné výdaje;548;;;
12/15/16;jidlo;115;;;
12/14/16;jidlo;60;;;
12/14/16;Na jedno;80;;;
12/13/16;jidlo;80;;;
12/13/16;jidlo;16;;;
12/13/16;Oblečení boty;149;;;
12/13/16;Kavárna;49;;;
12/13/16;K+R;43;;;
12/12/16;K+R;102;;;
12/12/16;dárky vánoční;100;;;
12/12/16;Nutné výdaje;39;;;
12/12/16;K+R;134;;;
12/12/16;Sport;340;;;
12/12/16;Kavárna;49;;;
12/11/16;K+R;65;;;
12/10/16;dárky vánoční;290;;;
12/10/16;dárky vánoční;520;;;
12/10/16;Oblečení boty;500;;;
12/10/16;dárky vánoční;60;;;
12/10/16;Oblečení boty;100;;;
12/10/16;Ostatní;50;;;
12/10/16;jidlo;39;;;
12/10/16;K+R;20;;;
12/10/16;Kavárna;35;;;
12/9/16;jidlo;45;;;
12/9/16;Kavárna;48;;;
12/9/16;Na jedno;260;;;
12/8/16;Kavárna;74;;;
12/7/16;K+R;272;;;
12/6/16;dárky k narozeninám;29;;;
12/6/16;jidlo;50;;;
12/5/16;K+R;50;;;
12/5/16;Zvaní na pokrm,pití;170;;Sauna;
12/5/16;jidlo;39;;;
12/2/16;Nutné výdaje;120;;Jídlo sklípek;
12/2/16;Kavárna;64;;;
12/2/16;drogerie;675;;Mary Kay;
12/2/16;Kavárna;47;;;
12/1/16;Kavárna;47;;;
11/30/16;Nutné výdaje;280;;Jídlo na párty;
11/30/16;Zvaní na pokrm,pití;60;;;
11/30/16;dárky k narozeninám;500;;Klára;
11/30/16;jidlo;18;;;
11/30/16;dárky vánoční;129;;;
11/29/16;Na jedno;30;;;
11/29/16;Volný čas-kino,koncert..;100;;;
11/29/16;Kavárna;57;;;
11/29/16;Nutné výdaje;20;;;
11/28/16;Kavárna;68;;;
11/27/16;Oblečení boty;770;;;
11/27/16;K+R;127;;;
11/27/16;K+R;188;;;
11/26/16;K+R;160;;;
11/26/16;dárky k narozeninám;150;;;
11/26/16;Doprava;180;;Plyn;
11/26/16;dárky k narozeninám;70;;;
11/25/16;dárky k narozeninám;500;;;
11/25/16;dárky k narozeninám;250;;;
11/25/16;jidlo;30;;;
11/25/16;Na jedno;70;;;
11/25/16;Zvaní na pokrm,pití;130;;;
11/25/16;Kavárna;49;;;
11/25/16;jidlo;13;;;
11/23/16;K+R;91;;;
11/23/16;Kavárna;100;;;
11/22/16;K+R;97;;;
11/22/16;jidlo;22;;;
11/21/16;K+R;67;;;
11/21/16;K+R;18;;;
11/21/16;jidlo;30;;;
11/21/16;Kavárna;62;;;
11/21/16;drogerie;52;;;
11/19/16;Sport;1800;;Skipas;
11/19/16;dárky k narozeninám;1800;;;
11/19/16;Zvaní na pokrm,pití;80;;;
11/18/16;Na jedno;110;;;
11/18/16;společná domácnost;29;;;
11/18/16;K+R;87;;;
11/18/16;společná domácnost;50;;;
11/18/16;Zvaní na pokrm,pití;230;;;
11/17/16;jidlo;120;;;
11/17/16;jidlo;37;;;
11/17/16;K+R;147;;;
11/17/16;společná domácnost;442;;;
11/14/16;lékárna;75;;;
11/14/16;Kavárna;47;;;
11/14/16;Restaurace;150;;;
11/12/16;K+R;65;;;
11/12/16;K+R;95;;;
11/12/16;K+R;265;;;
11/11/16;K+R;82;;;
11/11/16;jidlo;150;;;
11/11/16;Kavárna;37;;;
11/11/16;Oblečení boty;161;;;
11/11/16;jidlo;30;;;
11/11/16;doktor;800;;Znaménka;
11/10/16;drogerie;550;;;
11/10/16;jidlo;37;;;
11/10/16;K+R;18;;;
11/10/16;jidlo;21;;;
11/10/16;Kavárna;47;;;
11/8/16;Kavárna;59;;;
11/8/16;drogerie;169;;Deodorant;
11/8/16;dovolená;1458;;Silvestr;
11/7/16;K+R;165;;;
11/7/16;dárky k narozeninám;15;;;
11/7/16;dárky k narozeninám;500;;;
11/7/16;Na jedno;150;;;
11/4/16;Volný čas-kino,koncert..;200;;Vstup na výstaviště;
11/4/16;dárky vánoční;2340;;Výstaviště;
11/4/16;Oblečení boty;2000;;Sport výstaviště;
11/3/16;Volný čas-kino,koncert..;100;;Vida;
11/3/16;K+R;25;;;
11/3/16;Kavárna;47;;;
11/2/16;K+R;18;;;
11/1/16;jidlo;24;;;
11/1/16;K+R;65;;;
11/1/16;Kavárna;56;;;
10/31/16;K+R;110;;;
10/29/16;Ostatní;99;;;
10/29/16;Sport;264;;;
10/29/16;jidlo;250;;;
10/29/16;Zvaní na pokrm,pití;32;;;
10/29/16;Doprava;20;;;
10/27/16;jidlo;25;;;
10/27/16;jidlo;14;;;
10/27/16;jidlo;49;;;
10/27/16;Kavárna;47;;;
10/26/16;pokuty;10;;;
10/26/16;K+R;47;;;
10/25/16;Volný čas-kino,koncert..;1740;;Muzikál;
10/25/16;jidlo;50;;;
10/25/16;Kavárna;103;;;
10/23/16;K+R;250;;;
10/22/16;Volný čas-kino,koncert..;270;;;
10/22/16;jidlo;159;;;
10/22/16;Zvaní na pokrm,pití;180;;;
10/22/16;Zvaní na pokrm,pití;35;;;
10/22/16;Na jedno;150;;;
10/21/16;Oblečení boty;149;;;
10/21/16;Oblečení boty;89;;;
10/21/16;Oblečení boty;78;;;
10/21/16;obědy;200;;;
10/21/16;Kavárna;78;;;
10/21/16;Oblečení boty;50;;;
10/21/16;Oblečení boty;180;;;
10/21/16;Oblečení boty;999;;;
10/20/16;Zvaní na pokrm,pití;75;;;
10/20/16;Na jedno;25;;;
10/19/16;K+R;28;;;
10/19/16;Oblečení boty;850;;;
10/19/16;K+R;165;;;
10/18/16;společná domácnost;85;;;
10/18/16;dárky k narozeninám;120;;Vidličky;
10/18/16;K+R;80;;;
10/18/16;Kavárna;30;;;
10/17/16;dovolená;1000;;U kiky;
10/17/16;K+R;140;;;
10/14/16;dárky k narozeninám;600;;;
10/14/16;dárky k narozeninám;31;;;
10/14/16;jidlo;347;;;
10/14/16;Kavárna;30;;;
10/13/16;Kavárna;106;;;
10/11/16;K+R;63;;;
10/11/16;Ostatní;939;;Pevný disk;
10/11/16;společná domácnost;800;;Šlehač mléka;
10/11/16;K+R;137;;;
10/8/16;jidlo;26;;;
10/8/16;lékárna;75;;;
10/8/16;K+R;185;;;
10/8/16;Oblečení boty;474;;;
10/8/16;lékárna;307;;Lymfatické doplňky;
10/8/16;jidlo;65;;;
10/8/16;Mlsání;24;;;
10/8/16;jidlo;40;;;
10/8/16;Doprava;100;;;
10/6/16;K+R;15;;;
10/6/16;dovolená;940;;Bus;
10/6/16;drogerie;278;;Kartáčky;
10/5/16;K+R;15;;;
10/5/16;K+R;404;;;
10/5/16;jidlo;100;;;
10/5/16;Zdraví,relax,sauna,lymf.;649;;;
10/5/16;dárky k narozeninám;100;;;
10/5/16;Kavárna;56;;;
10/4/16;K+R;70;;;
10/3/16;Kavárna;56;;;
10/3/16;Na jedno;42;;;
10/3/16;K+R;100;;;
9/24/16;jidlo;39;;;
9/24/16;Volný čas-kino,koncert..;154;;Časopis;
9/23/16;K+R;93;;;
9/22/16;jidlo;25;;;
9/22/16;Nutné výdaje;249;;Obal na mobil;
9/22/16;jidlo;10;;;
9/21/16;jidlo;12;;;
9/21/16;Kavárna;59;;;
9/20/16;K+R;61;;;
9/20/16;Kavárna;112;;;
9/20/16;lékárna;118;;;
9/20/16;drogerie;60;;;
9/20/16;jidlo;12;;;
9/20/16;Kavárna;55;;;
9/19/16;jidlo;76;;;
9/19/16;dovolená;650;;Autobus;
9/19/16;Kavárna;45;;;
9/18/16;jidlo;150;;;
9/18/16;Sámoška-Potraviny a nápoje;330;;Jagermaister;
9/18/16;K+R;117;;;
9/17/16;Sport;500;;Plavání;
9/17/16;Sport;110;;;
9/17/16;jidlo;35;;;
9/17/16;Doprava;165;;;
9/17/16;K+R;25;;;
9/17/16;Oblečení boty;140;;;
9/16/16;jidlo;290;;;
9/16/16;Nutné výdaje;700;;Knihy;
9/16/16;jidlo;35;;;
9/16/16;Kavárna;45;;;
9/15/16;Doprava;100;;;
9/15/16;dárky k narozeninám;216;;;
9/14/16;K+R;70;;;
9/14/16;K+R;40;;;
9/14/16;jidlo;37;;;
9/14/16;K+R;55;;;
9/14/16;Kavárna;59;;;
9/13/16;Kavárna;118;;;
9/9/16;drogerie;150;;;
9/8/16;Sport;1500;;Jóga;
9/8/16;Zdraví,relax,sauna,lymf.;400;;Kadeřnice;
9/8/16;K+R;112;;Bufet cyklostezka;
9/7/16;K+R;71;;Jídlo;
9/7/16;Nutné výdaje;25;;;
9/7/16;Nutné výdaje;87;;Bijou;
9/7/16;dárky k narozeninám;233;;;
9/7/16;Mlsání;11;;;
9/7/16;K+R;105;;Jídlo;
9/7/16;Kavárna;50;;;
9/6/16;Na jedno;44;;;
9/5/16;K+R;46;;Jídlo;
9/5/16;drogerie;232;;;
9/5/16;Kavárna;50;;;
9/4/16;K+R;83;;;
9/4/16;Nutné výdaje;250;;;
9/3/16;K+R;40;;;
9/3/16;K+R;205;;;
9/3/16;K+R;70;;;
9/2/16;Na jedno;60;;;
9/2/16;jidlo;85;;;
9/2/16;Na jedno;90;;;
9/2/16;Kavárna;73;;;
9/1/16;K+R;63;;;
9/1/16;jidlo;20;;;
9/1/16;jidlo;37;;;
8/30/16;Kavárna;59;;;
8/30/16;K+R;115;;;
8/28/16;K+R;110;;;
8/28/16;jidlo;85;;;
8/28/16;K+R;140;;;
8/28/16;jidlo;80;;;
8/28/16;Sport;180;;;
8/28/16;Doprava;302;;Vlaky do Brna R,k;
8/28/16;Doprava;266;;Vlaky hranice;
8/26/16;Nutné výdaje;600;;;
8/26/16;Oblečení boty;413;;;
8/25/16;jidlo;65;;;
8/25/16;Na jedno;80;;;
8/25/16;jidlo;133;;;
8/24/16;Kavárna;95;;;
8/24/16;dárky k narozeninám;134;;;
8/23/16;Mlsání;63;;;
8/23/16;dovolená;2360;;Vlaky podruhé;
8/23/16;dárky k narozeninám;550;;Peťa;
8/23/16;Kavárna;47;;;
8/19/16;dovolená;2000;;Kapesné;
8/19/16;dovolená;2300;;Vlaky;
8/19/16;Kavárna;70;;;
8/19/16;K+R;161;;;
8/18/16;Na jedno;42;;;
8/18/16;jidlo;26;;;
8/18/16;Kavárna;59;;;
8/16/16;dárky k narozeninám;160;;Peťa svátek;
8/16/16;K+R;206;;Jídlo;
8/16/16;jidlo;18;;;
8/16/16;K+R;100;;;
8/16/16;dovolená;700;;;
8/16/16;Kavárna;59;;;
8/15/16;K+R;73;;;
8/15/16;Kavárna;59;;;
8/13/16;dovolená;150;;Chlast;
8/13/16;dovolená;410;;Atc Merkur, stan;
8/12/16;Kavárna;45;;;
8/12/16;K+R;63;;;
8/11/16;K+R;215;;;
8/11/16;Kavárna;65;;;
8/10/16;Na jedno;34;;;
8/10/16;jidlo;50;;;
8/10/16;Mlsání;26;;;
8/10/16;K+R;65;;;
8/9/16;Sport;180;;;
8/8/16;K+R;100;;;
8/8/16;K+R;34;;;
8/7/16;Kavárna;51;;;
8/7/16;jidlo;41;;;
8/7/16;Kavárna;260;;Hranice rodiče;
8/7/16;Na jedno;160;;;
8/7/16;Doprava;223;;;
8/4/16;K+R;197;;;
8/4/16;K+R;150;;;
8/4/16;Sport;350;;;
8/4/16;Kavárna;38;;;
8/3/16;K+R;46;;;
8/2/16;Nutné výdaje;23;;;
8/2/16;jidlo;85;;;
8/2/16;Nutné výdaje;2350;;Zuby;
8/2/16;Kavárna;47;;;
8/1/16;Mlsání;41;;;
7/31/16;Volný čas-kino,koncert..;100;;;
7/31/16;jidlo;60;;;
7/31/16;Volný čas-kino,koncert..;30;;;
7/31/16;Volný čas-kino,koncert..;130;;;
7/31/16;K+R;45;;;
7/31/16;Kavárna;50;;;
7/31/16;Mlsání;50;;;
7/29/16;drogerie;475;;Antiperspirant;
7/29/16;Nutné výdaje;350;;Kika zuby;
7/28/16;K+R;108;;Jídlo, vino;
7/28/16;K+R;475;;Jídlo;
7/28/16;jidlo;20;;;
7/28/16;Mlsání;90;;;
7/28/16;Na jedno;80;;;
7/28/16;Kavárna;25;;;
7/28/16;Oblečení boty;240;;;
7/26/16;Sport;100;;;
7/26/16;K+R;20;;;
7/26/16;K+R;32;;;
7/26/16;K+R;80;;;
7/26/16;K+R;35;;;
7/26/16;jidlo;16;;;
7/26/16;jidlo;22;;;
7/26/16;jidlo;36;;;
7/26/16;jidlo;50;;;
7/24/16;Doprava;320;;;
7/24/16;Na jedno;110;;;
7/24/16;Oblečení boty;200;;;
7/23/16;Nutné výdaje;249;;Deštník;
7/23/16;Oblečení boty;1000;;;
7/23/16;Kavárna;250;;;
7/22/16;Kavárna;59;;;
7/21/16;jidlo;13;;;
7/21/16;dárky k narozeninám;175;;;
7/21/16;Kavárna;59;;;
7/20/16;K+R;25;;Párky;
7/20/16;Volný čas-kino,koncert..;240;;Za oba kino;
7/20/16;dovolená;4500;;Kapesné;
7/20/16;jidlo;40;;Obědy;
7/20/16;K+R;51;;;
7/19/16;jidlo;20;;;
7/19/16;Kavárna;104;;;
7/19/16;Sport;280;;;
7/19/16;Kavárna;78;;;
7/18/16;K+R;105;;;
7/17/16;K+R;175;;Kavárna Praha;
7/17/16;K+R;318;;Jídlo;
7/16/16;jidlo;100;;;
7/15/16;Doprava;970;;Nafta Jirka;
7/15/16;Na jedno;180;;;
7/15/16;Kavárna;47;;;
7/12/16;jidlo;60;;;
7/12/16;Kavárna;90;;;
7/12/16;Na jedno;35;;;
7/12/16;Na jedno;25;;;
7/11/16;Kavárna;42;;;
7/3/16;K+R;18;;;
7/3/16;Volný čas-kino,koncert..;40;;Časopis;
7/3/16;lékárna;69;;;
7/2/16;dovolená;9780;;Mallorca;
7/2/16;Doprava;340;;Buš Vídeň;
7/2/16;K+R;250;;;
7/2/16;Na jedno;35;;;
7/2/16;jidlo;25;;;
7/2/16;Na jedno;80;;;
7/2/16;Kavárna;40;;;
7/2/16;lékárna;170;;;
6/30/16;Na jedno;230;;;
6/28/16;jidlo;17;;;
6/28/16;Mlsání;30;;;
6/28/16;lékárna;144;;;
6/28/16;Kavárna;40;;;
6/28/16;Kavárna;75;;;
6/27/16;Oblečení boty;701;;;
6/27/16;jidlo;130;;;
6/27/16;Mlsání;24;;;
6/27/16;Na jedno;70;;;
6/27/16;Nutné výdaje;20;;;
6/27/16;Kavárna;60;;;
6/27/16;jidlo;70;;;
6/27/16;jidlo;25;;;
6/27/16;Nutné výdaje;20;;;
6/27/16;jidlo;25;;;
6/27/16;Na jedno;70;;;
6/27/16;Mlsání;26;;;
6/27/16;Sport;960;;Kolečka;
6/24/16;jidlo;221;;;
6/24/16;jidlo;35;;;
6/24/16;K+R;55;;;
6/24/16;jidlo;70;;;
6/23/16;Kavárna;55;;;
6/23/16;drogerie;90;;Mezizubní kartáčky;
6/23/16;Mlsání;17;;;
6/23/16;drogerie;70;;;
6/22/16;Sport;277;;;
6/22/16;Mlsání;36;;;
6/22/16;Kavárna;70;;;
6/21/16;jidlo;12;;;
6/21/16;Oblečení boty;600;;;
6/21/16;Oblečení boty;838;;;
6/21/16;Oblečení boty;367;;Ponožky;
6/20/16;Kavárna;56;;;
6/19/16;K+R;51;;Jídlo kino;
6/19/16;K+R;64;;Semínka;
6/19/16;jidlo;35;;;
6/19/16;Mlsání;15;;;
6/19/16;Na jedno;25;;;
6/19/16;Volný čas-kino,koncert..;80;;Metro;
6/19/16;K+R;90;;Pití u Tesaře;
6/18/16;K+R;30;;Pasohlávky Pití;
6/18/16;Sport;350;;Pasohlávky wake;
6/18/16;K+R;160;;Pasohlávky Pití;
6/18/16;K+R;210;;Pasohlávky ubytování;
6/17/16;K+R;75;;Pasohlávky kofola;
6/17/16;K+R;80;;Pasohlávky pivo;
6/17/16;K+R;210;;Pasohlávky ubytování;
6/17/16;K+R;485;;Pasohlávky nákup;
6/16/16;Kavárna;95;;;
6/16/16;Na jedno;40;;;
6/16/16;Na jedno;20;;;
6/16/16;jidlo;23;;;
6/15/16;Nutné výdaje;25;;;
6/15/16;Nutné výdaje;514;;Knihy;
6/15/16;dárky k narozeninám;199;;;
6/15/16;dárky k narozeninám;38;;;
6/15/16;dárky k narozeninám;69;;;
6/15/16;Kavárna;44;;;
6/14/16;K+R;221;;Makrely;
6/14/16;K+R;7;;;
6/14/16;Kavárna;40;;;
6/14/16;drogerie;40;;;
6/14/16;Na jedno;80;;;
6/14/16;jidlo;18;;;
6/14/16;jidlo;33;;;
6/14/16;dárky k narozeninám;117;;;
6/14/16;Kavárna;32;;;
6/12/16;jidlo;250;;;
6/12/16;Doprava;300;;Plyn;
6/11/16;dárky k narozeninám;200;;;
6/10/16;lékárna;99;;Pangamin;
6/10/16;Kavárna;44;;;
6/10/16;dárky k narozeninám;180;;;
6/10/16;Nutné výdaje;5;;;
6/10/16;Oblečení boty;500;;Bunda;
6/10/16;dárky k narozeninám;124;;;
6/10/16;dárky k narozeninám;136;;;
6/10/16;dárky k narozeninám;40;;;
6/10/16;Kavárna;180;;;
6/9/16;Nutné výdaje;250;;Čistič pleti;
6/9/16;dárky k narozeninám;250;;Iw;
6/9/16;dárky k narozeninám;328;;;
6/8/16;K+R;75;;;
6/8/16;jidlo;50;;;
6/7/16;Oblečení boty;250;;Tílko;
6/7/16;drogerie;300;;Vůně;
6/7/16;Kavárna;40;;;
6/6/16;jidlo;37;;;
6/6/16;Na jedno;40;;;
6/6/16;Ostatní;50;;Kytka;
6/6/16;Kavárna;200;;;
6/6/16;Oblečení boty;330;;Šátky;
6/5/16;K+R;160;;Jídlo Lídl;
6/5/16;Sport;473;;Vybavení;
6/5/16;K+R;101;;Jahody;
6/5/16;jidlo;133;;;
6/5/16;K+R;383;;Nákup Albert;
6/3/16;Sport;50;;;
6/3/16;jidlo;50;;;
6/3/16;Kavárna;150;;;
6/2/16;Kavárna;59;;;
6/2/16;Volný čas-kino,koncert..;119;;Motokáry;
6/2/16;Oblečení boty;590;;Kabelka;
6/2/16;jidlo;20;;;
6/2/16;Na jedno;135;;;
5/31/16;K+R;114;;;
5/31/16;Na jedno;32;;;
5/31/16;jidlo;25;;;
5/31/16;Kavárna;140;;;
5/31/16;jidlo;18;;;
5/31/16;jidlo;20;;;
5/31/16;Kavárna;42;;;
5/29/16;Doprava;2934;;Letenky;
5/29/16;Doprava;124;;;
5/28/16;Doprava;95;;;
5/28/16;jidlo;395;;;
5/28/16;jidlo;340;;;
5/28/16;jidlo;39;;;
5/28/16;dárky k narozeninám;70;;;
5/28/16;jidlo;30;;;
5/28/16;Kavárna;31;;;
5/28/16;Oblečení boty;278;;;
5/28/16;Kavárna;50;;;
5/28/16;jidlo;120;;;
5/28/16;K+R;50;;;
5/28/16;K+R;69;;;
5/28/16;jidlo;130;;;
5/28/16;jidlo;40;;;
5/27/16;jidlo;20;;;
5/27/16;Kavárna;51;;;
5/26/16;K+R;60;;;
5/26/16;jidlo;39;;;
5/26/16;Mlsání;18;;;
5/26/16;Kavárna;50;;;
5/26/16;Kavárna;59;;;
5/26/16;jidlo;41;;;
5/24/16;Mlsání;6;;;
5/24/16;jidlo;26;;;
5/24/16;Kavárna;150;;;
5/24/16;Mlsání;12;;;
5/22/16;jidlo;59;;;
5/22/16;K+R;185;;;
5/22/16;K+R;90;;;
5/22/16;jidlo;20;;;
5/22/16;Kavárna;60;;;
5/22/16;K+R;70;;;
5/22/16;jidlo;130;;;
5/22/16;Doprava;80;;;
5/21/16;drogerie;100;;Řasenka;
5/21/16;dárky k narozeninám;120;;;
5/21/16;Mlsání;15;;;
5/21/16;Kavárna;35;;;
5/21/16;Nutné výdaje;60;;;
5/21/16;Oblečení boty;440;;;
5/20/16;Doprava;60;;;
5/20/16;Na jedno;100;;;
5/20/16;drogerie;420;;;
5/20/16;jidlo;31;;;
5/20/16;Nutné výdaje;33;;;
5/20/16;Kavárna;22;;;
5/20/16;Doprava;166;;Hradec;
5/19/16;jidlo;16;;;
5/19/16;jidlo;25;;;
5/19/16;jidlo;16;;;
5/18/16;jidlo;12;;;
5/18/16;Na jedno;40;;;
5/18/16;Nutné výdaje;530;;Pomocník;
5/18/16;Kavárna;50;;;
5/18/16;K+R;65;;;
5/18/16;jidlo;12;;;
5/18/16;Kavárna;47;;;
5/18/16;jidlo;50;;;
5/18/16;K+R;81;;;
5/18/16;lékárna;250;;;
5/16/16;lékárna;353;;;
5/16/16;K+R;80;;Tabletky;
5/16/16;Nutné výdaje;250;;Absolventská karta;
5/16/16;Kavárna;40;;;
5/15/16;drogerie;50;;;
5/15/16;K+R;40;;;
5/15/16;K+R;80;;;
5/14/16;K+R;554;;;
5/14/16;Nutné výdaje;146;;Rám na náušnice;
5/14/16;jidlo;30;;;
5/14/16;Sport;500;;Paintball;
5/13/16;Na jedno;130;;;
5/13/16;jidlo;120;;;
5/13/16;Kavárna;100;;;
5/13/16;Kavárna;100;;;
5/12/16;Na jedno;22;;;
5/12/16;Sport;60;;;
5/12/16;jidlo;30;;;
5/12/16;Kavárna;47;;;
5/12/16;K+R;125;;;
5/10/16;jidlo;28;;;
5/10/16;jidlo;11;;;
5/10/16;lékárna;69;;;
5/9/16;Mlsání;12;;;
5/9/16;Oblečení boty;526;;;
5/9/16;Oblečení boty;1300;;;
5/7/16;K+R;70;;;
5/7/16;K+R;190;;Grilování;
5/7/16;Volný čas-kino,koncert..;480;;Majáles;
5/6/16;K+R;43;;;
5/6/16;jidlo;20;;;
5/6/16;Mlsání;12;;;
5/6/16;jidlo;10;;;
5/6/16;Kavárna;56;;;
5/4/16;Sport;190;;;
5/4/16;K+R;63;;Víno;
5/4/16;K+R;105;;Jidlo;
5/4/16;Kavárna;47;;;
5/3/16;Kavárna;32;;;
5/3/16;jidlo;16;;;
5/3/16;jidlo;70;;;
5/3/16;drogerie;1290;;Čistící prostředky;
5/2/16;K+R;65;;;
5/2/16;K+R;105;;Jídlo;
5/2/16;jidlo;37;;;
5/2/16;jidlo;17;;;
5/2/16;K+R;60;;;
5/2/16;Na jedno;50;;;
5/2/16;Na jedno;70;;;
5/2/16;Na jedno;70;;;
4/30/16;K+R;32;;;
4/30/16;jidlo;92;;;
4/30/16;dárky vánoční;129;;;
4/29/16;Na jedno;55;;;
4/29/16;Volný čas-kino,koncert..;120;;;
4/29/16;dárky k narozeninám;550;;;
4/29/16;jidlo;55;;;
4/29/16;Kavárna;40;;;
4/29/16;Na jedno;40;;;
4/27/16;jidlo;25;;;
4/27/16;dárky vánoční;500;;;
4/27/16;jidlo;120;;;
4/26/16;Oblečení boty;160;;;
4/26/16;jidlo;29;;;
4/26/16;K+R;123;;;
4/24/16;K+R;45;;;
4/24/16;jidlo;20;;;
4/24/16;dárky k narozeninám;280;;;
4/24/16;K+R;280;;Kino;
4/23/16;K+R;240;;Kavárna, chipsy;
4/23/16;K+R;250;;;
4/22/16;K+R;30;;;
4/22/16;Kavárna;55;;;
4/22/16;Mlsání;13;;;
4/22/16;jidlo;43;;;
4/22/16;Sport;80;;;
4/20/16;Mlsání;18;;;
4/20/16;K+R;106;;;
4/20/16;lékárna;62;;;
4/20/16;Oblečení boty;300;;;
4/20/16;Sport;85;;;
4/20/16;jidlo;18;;;
4/20/16;Kavárna;85;;;
4/20/16;Kavárna;40;;;
4/20/16;Kavárna;59;;;
4/18/16;K+R;370;;;
4/17/16;K+R;50;;;
4/16/16;Na jedno;130;;;
4/16/16;Sport;330;;;
4/16/16;Na jedno;170;;;
4/16/16;Volný čas-kino,koncert..;200;;;
4/16/16;jidlo;230;;;
4/14/16;jidlo;23;;;
4/14/16;Sport;189;;;
4/14/16;jidlo;40;;;
4/13/16;dárky k narozeninám;235;;;
4/13/16;Sport;650;;Inline 24;
4/13/16;K+R;47;;;
4/13/16;K+R;22;;;
4/13/16;Kavárna;47;;;
4/13/16;Na jedno;130;;S rodinou;
4/13/16;jidlo;200;;;
4/13/16;Kavárna;55;;;
4/13/16;K+R;500;;Voda;
4/11/16;K+R;26;;Oplatky;
4/11/16;K+R;190;;Jídlo Olomouc;
4/11/16;K+R;250;;Sauna;
4/10/16;jidlo;65;;;
4/10/16;K+R;235;;Jídlo nákup na vodu;
4/10/16;K+R;200;;Voda Náramky, panáky, brambůrky;
4/10/16;K+R;70;;Polévky voda;
4/8/16;jidlo;25;;;
4/8/16;Mlsání;43;;;
4/8/16;Volný čas-kino,koncert..;1700;;Dovolená Drážďany;
4/8/16;K+R;112;;;
4/8/16;Kavárna;210;;;
4/7/16;Na jedno;120;;;
4/6/16;Mlsání;12;;;
4/6/16;Sport;185;;;
4/6/16;Nutné výdaje;700;;Kadeřnice;
4/6/16;jidlo;20;;;
4/6/16;jidlo;25;;;
4/6/16;jidlo;30;;;
4/6/16;Kavárna;55;;;
4/3/16;lékárna;113;;;
4/3/16;Oblečení boty;42;;;
4/3/16;K+R;318;;;
4/3/16;Sport;1506;;Vybavení;
4/3/16;K+R;40;;Věž;
4/2/16;K+R;270;;;
4/2/16;Na jedno;85;;;
4/2/16;Na jedno;203;;;
4/2/16;jidlo;80;;;
4/2/16;Kavárna;73;;;
4/2/16;dárky k narozeninám;250;;Fixy,balení;
3/31/16;Na jedno;100;;;
3/31/16;Zdraví,relax,sauna,lymf.;500;;;
3/31/16;Zdraví,relax,sauna,lymf.;699;;;
3/31/16;Mlsání;18;;;
3/31/16;Kavárna;50;;;
3/31/16;obědy;200;;Obědy;
3/31/16;Volný čas-kino,koncert..;150;;Drážďany pohled,káva;
3/31/16;K+R;45;;;
3/31/16;Na jedno;60;;;
3/31/16;jidlo;65;;;
3/31/16;Kavárna;52;;;
3/31/16;K+R;45;;;
3/31/16;Mlsání;65;;;
3/28/16;Volný čas-kino,koncert..;220;;Vstup Drážďany;
3/28/16;Kavárna;54;;Drážďany;
3/28/16;jidlo;324;;Snídaně Drážďan;
3/28/16;K+R;150;;;
3/27/16;K+R;142;;;
3/26/16;K+R;613;;Večeře 2 Děčín;
3/25/16;Volný čas-kino,koncert..;600;;Dovolená;
3/25/16;K+R;320;;;
3/25/16;Mlsání;37;;;
3/25/16;drogerie;30;;;
3/25/16;jidlo;110;;;
3/25/16;Na jedno;150;;;
3/24/16;Nutné výdaje;896;;Tisk;
3/24/16;jidlo;50;;;
3/24/16;Na jedno;120;;;
3/22/16;Doprava;124;;;
3/22/16;Kavárna;24;;;
3/22/16;jidlo;100;;Čaje;
3/22/16;Kavárna;44;;;
3/22/16;K+R;59;;;
3/20/16;Mlsání;50;;;
3/20/16;Oblečení boty;1800;;;
3/20/16;jidlo;65;;;
3/20/16;Doprava;124;;;
3/20/16;Na jedno;300;;;
3/18/16;Na jedno;70;;;
3/18/16;Na jedno;75;;;
3/18/16;Mlsání;23;;;
3/18/16;K+R;130;;;
3/18/16;Sport;400;;;
3/18/16;Kavárna;100;;;
3/17/16;Kavárna;50;;;
3/17/16;jidlo;37;;;
3/15/16;K+R;40;;;
3/15/16;Mlsání;12;;;
3/15/16;jidlo;15;;;
3/15/16;Sport;200;;;
3/15/16;Kavárna;40;;;
3/14/16;Mlsání;29;;;
3/13/16;Doprava;200;;Plyn;
3/13/16;K+R;100;;;
3/13/16;K+R;58;;;
3/13/16;K+R;210;;;
3/11/16;jidlo;25;;;
3/11/16;Mlsání;40;;;
3/11/16;dárky k narozeninám;100;;;
3/11/16;jidlo;25;;;
3/11/16;dárky k narozeninám;680;;;
3/11/16;drogerie;109;;;
3/10/16;Nutné výdaje;499;;;
3/10/16;Kavárna;50;;;
3/9/16;Oblečení boty;280;;;
3/9/16;jidlo;45;;;
3/9/16;Kavárna;100;;;
3/9/16;Mlsání;39;;;
3/8/16;Kavárna;55;;;
3/8/16;Na jedno;50;;;
3/7/16;Mlsání;45;;;
3/7/16;Sport;300;;;
3/6/16;Restaurace;130;;;
3/6/16;K+R;45;;;
3/6/16;Restaurace;220;;;
3/6/16;Sport;60;;;
3/6/16;K+R;260;;;
3/4/16;jidlo;20;;;
3/4/16;jidlo;25;;;
3/4/16;Na jedno;80;;;
3/4/16;Na jedno;120;;;
3/4/16;Kavárna;50;;;
3/2/16;Zdraví,relax,sauna,lymf.;350;;Masáž;
3/2/16;K+R;61;;;
3/2/16;Mlsání;47;;;
3/2/16;Kavárna;55;;;
2/29/16;Oblečení boty;200;;Sekáč;
2/29/16;K+R;100;;;
2/29/16;drogerie;75;;;
2/29/16;Doprava;124;;;
2/29/16;Mlsání;37;;;
2/29/16;obědy;92;;Obědy;
2/27/16;jidlo;16;;;
2/27/16;Kavárna;29;;;
2/27/16;drogerie;315;;Krém se snekem;
2/27/16;Doprava;124;;;
2/27/16;Na jedno;100;;;
2/27/16;jidlo;35;;;
2/27/16;jidlo;30;;;
2/27/16;Na jedno;71;;;
2/27/16;Kavárna;47;;;
2/27/16;Na jedno;100;;Víno, brambůrky;
2/27/16;drogerie;300;;Vůně;
2/27/16;Oblečení boty;230;;;
2/27/16;Oblečení boty;120;;;
2/27/16;Kavárna;47;;;
2/25/16;Na jedno;39;;;
2/25/16;Kavárna;47;;;
2/22/16;K+R;160;;Hermelín a pivo za oba;
2/22/16;Kavárna;50;;;
2/22/16;Nutné výdaje;600;;Pas;
2/21/16;K+R;83;;;
2/21/16;Kavárna;90;;;
2/21/16;Na jedno;30;;;
2/21/16;Doprava;248;;;
2/21/16;Kavárna;35;;;
2/19/16;lékárna;206;;Deodorant;
2/19/16;K+R;60;;Poker jidlo;
2/19/16;lékárna;34;;;
2/19/16;Na jedno;130;;;
2/19/16;jidlo;30;;;
2/19/16;Mlsání;17;;;
2/19/16;drogerie;125;;;
2/17/16;Volný čas-kino,koncert..;145;;Kino;
2/16/16;Oblečení boty;50;;;
2/16/16;Kavárna;94;;;
2/16/16;Kavárna;60;;;
2/16/16;Nutné výdaje;1400;;Foťák;
2/14/16;K+R;400;;Nákup jídla,drogerie;
2/14/16;Volný čas-kino,koncert..;400;;Ples na hovno;
2/12/16;Ostatní;439;;Kniha;
2/11/16;K+R;210;;;
2/11/16;Volný čas-kino,koncert..;136;;Improvizace;
2/11/16;Oblečení boty;500;;;
2/11/16;Kavárna;95;;;
2/11/16;jidlo;22;;;
2/11/16;Na jedno;20;;;
2/11/16;K+R;230;;;
2/9/16;jidlo;12;;;
2/9/16;Mlsání;30;;;
2/9/16;dárky vánoční;120;;;
2/9/16;Mlsání;18;;;
2/9/16;Na jedno;35;;;
2/8/16;Mlsání;22;;;
2/8/16;Mlsání;24;;;
2/8/16;Kavárna;34;;;
2/7/16;Kavárna;50;;;
2/7/16;K+R;110;;Káva Rakousko;
2/6/16;Sport;1000;;;
2/6/16;K+R;180;;;
2/5/16;K+R;280;;Žrádlo na hochkar;
2/5/16;Zdraví,relax,sauna,lymf.;650;;;
2/4/16;Na jedno;60;;;
2/4/16;Volný čas-kino,koncert..;100;;Vida;
2/4/16;Nutné výdaje;500;;;
2/4/16;Zdraví,relax,sauna,lymf.;1500;;;
2/4/16;Oblečení boty;100;;;
2/4/16;jidlo;130;;;
2/4/16;Na jedno;120;;;
2/4/16;Kavárna;100;;;
2/4/16;Volný čas-kino,koncert..;210;;Majáles;
2/4/16;jidlo;39;;;
2/4/16;Na jedno;80;;;
2/4/16;jidlo;26;;;
2/4/16;Oblečení boty;438;;;
1/31/16;Doprava;80;;;
1/31/16;jidlo;87;;;
1/30/16;Mlsání;20;;;
1/30/16;dárky k narozeninám;60;;;
1/30/16;Ostatní;39;;;
1/30/16;Mlsání;22;;;
1/30/16;jidlo;30;;;
1/30/16;Kavárna;39;;;
1/30/16;Doprava;124;;;
1/30/16;Na jedno;230;;;
1/29/16;K+R;70;;;
1/29/16;jidlo;65;;;
1/29/16;Kavárna;100;;;
1/29/16;obědy;42;;Obědy práce;
1/28/16;jidlo;15;;;
1/28/16;K+R;122;;Badminton;
1/27/16;Kavárna;53;;;
1/26/16;Kavárna;70;;;
1/26/16;Na jedno;114;;;
1/25/16;dárky k narozeninám;338;;Mamca svátek;
1/24/16;Sport;300;;Pobyt na horách;
1/24/16;jidlo;90;;;
1/24/16;Kavárna;81;;Zákusky hranice;
1/24/16;pokuty;200;;;
1/24/16;Na jedno;50;;;
1/21/16;K+R;61;;Víno;
1/21/16;drogerie;24;;;
1/21/16;Kavárna;69;;Palacinka, kafe;
1/21/16;Oblečení boty;754;;;
1/21/16;Na jedno;30;;;
1/19/16;K+R;240;;U míče R.dve piva;
1/19/16;jidlo;50;;;
1/19/16;Mlsání;13;;;
1/19/16;Sport;1000;;Plavání permanentka;
1/19/16;Doprava;4740;;Salinkarta;
1/18/16;Nutné výdaje;900;;Poplatek čsk;
1/18/16;K+R;130;;Kouty pivo, kafe;
1/16/16;K+R;497;;Nákup jídla,šampón tesko;
1/16/16;Restaurace;75;;;
1/16/16;K+R;30;;;
1/16/16;Sport;260;;Lyže;
1/16/16;jidlo;80;;;
1/16/16;Kavárna;50;;;
1/16/16;Na jedno;290;;S lindou;
1/10/16;lékárna;83;;Pangamin;
1/9/16;K+R;130;;Oběd cejkovice;
1/9/16;K+R;34;;;
1/9/16;Oblečení boty;350;;Spodního prádla;
1/8/16;Mlsání;20;;;
1/8/16;jidlo;100;;;
1/8/16;Kavárna;50;;;
1/8/16;jidlo;100;;;
1/8/16;Mlsání;13;;;
1/8/16;K+R;240;;Nákup Albert;
1/6/16;Kavárna;135;;;
1/6/16;Na jedno;65;;;
12/30/15;K+R;65;;Pivo Kycera;
12/30/15;Na jedno;70;;Pivo Alpy;
12/30/15;Zdraví,relax,sauna,lymf.;366;;Sauna s R;
12/29/15;dárky vánoční;300;;Šály;
12/29/15;Restaurace;130;;;
12/29/15;dárky vánoční;250;;;
12/29/15;Na jedno;100;;;
12/29/15;Na jedno;60;;Hranolky;
12/29/15;Na jedno;50;;Pivo hranice;
12/29/15;Nutné výdaje;75;;Pojištění;
12/29/15;Sport;70;;Bowling;
12/29/15;Restaurace;100;;;
12/29/15;Sámoška-Potraviny a nápoje;272;;Albert svačinka;
12/29/15;Nutné výdaje;82;;Tisk;
12/29/15;Sport;1550;;Alpy;
12/29/15;společná domácnost;92;;Káva Rakousko;
12/20/15;Doprava;200;;Benzín začátek prosince;
12/20/15;drogerie;200;;Řasenky;
12/19/15;dárky vánoční;320;;Iw;
12/19/15;Nutné výdaje;5000;;Nájem prosinec;
12/19/15;Volný čas-kino,koncert..;520;;Wohnout;
12/19/15;Restaurace;430;;Indie;
12/19/15;dárky vánoční;500;;Poukázky;
12/19/15;jidlo;350;;Obědy;
12/19/15;Zdraví,relax,sauna,lymf.;800;;Kadernice;
12/19/15;jidlo;100;;;
12/19/15;Nutné výdaje;39;;;
12/19/15;jidlo;100;;;
12/19/15;Mlsání;50;;;
12/19/15;společná domácnost;2000;;;
12/19/15;Na jedno;400;;;
12/19/15;Kavárna;310;;;
12/19/15;pokuty;300;;;
12/19/15;Doprava;400;;Plyn;
12/19/15;Kavárna;100;;;
12/13/15;Kavárna;42;;;
12/13/15;Oblečení boty;1700;;;
12/13/15;Na jedno;40;;;
12/13/15;jidlo;130;;;
12/13/15;dárky k narozeninám;150;;;
12/13/15;dárky vánoční;1700;;;
12/13/15;Kavárna;107;;Kafe globus;
12/9/15;společná domácnost;200;;;
12/9/15;jidlo;307;;Obědy;
12/9/15;jidlo;35;;;
12/9/15;Mlsání;22;;;
12/9/15;Mlsání;24;;;
12/9/15;Mlsání;55;;;
12/9/15;Mlsání;10;;;
12/9/15;Restaurace;260;;;
12/9/15;jidlo;410;;;
12/9/15;jidlo;50;;;
12/9/15;Restaurace;130;;;
12/9/15;Kavárna;100;;;
12/9/15;dárky vánoční;110;;;
12/9/15;Na jedno;200;;;
12/9/15;Kavárna;260;;;
12/9/15;dárky vánoční;3000;;;
12/9/15;drogerie;350;;;
12/9/15;drogerie;860;;Kartáčky;
11/22/15;Restaurace;107;;;
11/22/15;Kavárna;100;;;
11/22/15;Volný čas-kino,koncert..;100;;;
11/22/15;Volný čas-kino,koncert..;300;;;
11/22/15;Ostatní;198;;Klíče;
11/22/15;Oblečení boty;199;;;
11/16/15;Na jedno;35;;;
11/16/15;Kavárna;40;;;
11/16/15;Nutné výdaje;9;;;
11/15/15;drogerie;65;;;
11/14/15;Ostatní;300;;Impregnace;
11/14/15;Oblečení boty;700;;;
11/14/15;Doprava;224;;;
11/14/15;dárky k narozeninám;100;;;
11/14/15;Na jedno;55;;;
11/14/15;Na jedno;80;;;
11/14/15;Restaurace;250;;;
11/14/15;Doprava;200;;;
11/14/15;Oblečení boty;350;;;
11/14/15;Mlsání;25;;;
11/14/15;jidlo;35;;;
11/14/15;jidlo;50;;;
11/14/15;Oblečení boty;700;;;
11/14/15;Volný čas-kino,koncert..;160;;;
11/14/15;Volný čas-kino,koncert..;200;;;
11/14/15;Kavárna;50;;;
11/14/15;Restaurace;300;;;
11/14/15;Kavárna;200;;;
11/14/15;doktor;830;;;
11/14/15;pokuty;2000;;;
11/14/15;dárky k narozeninám;210;;Rudy;
11/14/15;Kavárna;90;;;
11/14/15;obědy;377;;;
11/14/15;obědy;277;;;
11/14/15;Kavárna;90;;;
11/14/15;Kavárna;60;;;
11/14/15;dárky vánoční;1200;;Rukavice;
11/14/15;dárky k narozeninám;270;;Teta;
11/14/15;dárky vánoční;300;;Rukavice;
11/14/15;drogerie;300;;;
11/14/15;jidlo;150;;;
11/14/15;drogerie;501;;Drogerie;
10/27/15;Sámoška-Potraviny a nápoje;240;;Jidlo v indicke za oba;
01/01/2016;Income-Salary;35000;;;
01/02/2016;Income-Salary;30000;;;
01/03/2016;Income-Salary;41000;;;
01/04/2016;Income-Salary;26000;;;
01/05/2016;Income-Salary;30073;;;Mauerová
01/06/2016;Income-Salary;35024;;;Mauerová
01/07/2016;Income-Salary;36902;;;Mauerová
01/08/2016;Income-Salary;25458;;;Mauerová
01/09/2016;Income-Salary;38747;;;Mauerová
01/10/2016;Income-Salary;26171;;;Mauerová
01/11/2016;Income-Salary;32094;;;Mauerová
01/12/2016;Income-Salary;32657;;;Mauerová
01/01/2017;Income-Salary;25090;;;Mauerová
01/02/2017;Income-Salary;32102;;;Mauerová
01/03/2017;Income-Salary;45786;;;Mauerová
01/04/2017;Income-Salary;34064;;;Mauerová
01/05/2017;Income-Salary;33558;;;Mauerová
01/06/2017;Income-Salary;51281;;;Mauerová
01/07/2017;Income-Salary;48651;;;Mauerová
01/02/2018;Income-Salary;11826;;;Mauerová
02/02/2018;Income-Other;11044;;;ČSZZ
03/02/2018;Income-Other;10956;;;ÚP
01/12/2017;Income-Other;26340;;;ČSZZ
01/11/2017;Income-Other;27218;;;ČSZZ
01/10/2017;Income-Other;26340;;;ČSZZ
01/09/2017;Income-Other;27218;;;ČSZZ
01/08/2017;Income-Other;27218;;;ČSZZ
01/01/2018;Income-Other;27218;;;ČSZZ
